commit,parents,subject,disposition,changed_paths
a3985499a5f7820cf72f39aba486120383e6580c,084d617bb72fc89cd4ffe596310b107fc28f0e2f,Release 2026-10-09,"Release metadata: oracle/types pinned at this release; maximum compatibility date 2026-10-16, local compatibility date not advanced.",src/workerd/io/maximum-compatibility-date.txt;src/workerd/io/release-version.txt
084d617bb72fc89cd4ffe596310b107fc28f0e2f,baeb40cf80e31cd8588037bda77a20869387a4b9 108e0e4a2ba68d311d12130634ea5aafc9156ceb,Merge pull request #7641 from cloudflare/jasnell/ts-streams-detached-native-sink,Merge topology: component commits are indexed separately; final endpoint diff reviewed.,
108e0e4a2ba68d311d12130634ea5aafc9156ceb,23984ef44bd6bc4d2708ae818c2551b86870e9a9,Cover the queued flush at a TS writable detach and share its queue drop,Experimental typescript_implemented_streams implementation or tests: local runtime uses host WHATWG streams; flag not enabled locally.,src/per_isolate/webstreams/writable.ts;src/tests/streams/sockets/socket-streams.js;src/workerd/api/js-writable-stream-test.c++
23984ef44bd6bc4d2708ae818c2551b86870e9a9,30b054b032b8c10d0596181b6d79b49d692e84b5,Pin the TS and C++ settle order at a socket writable detach,Experimental typescript_implemented_streams implementation or tests: local runtime uses host WHATWG streams; flag not enabled locally.,src/tests/streams/sockets/AGENTS.md;src/tests/streams/sockets/socket-streams.js
30b054b032b8c10d0596181b6d79b49d692e84b5,baeb40cf80e31cd8588037bda77a20869387a4b9,Close a detached TS native writable and reject its pending writes,Experimental typescript_implemented_streams implementation or tests: local runtime uses host WHATWG streams; flag not enabled locally.,src/per_isolate/webstreams/AGENTS.md;src/per_isolate/webstreams/native.ts;src/per_isolate/webstreams/writable.ts;src/tests/streams/sockets/AGENTS.md;src/tests/streams/sockets/BUILD.bazel;src/tests/streams/sockets/echo-server.js;src/tests/streams/sockets/main.js;src/tests/streams/sockets/socket-streams.js;src/tests/streams/sockets/sockets-cpp.wd-test;src/tests/streams/sockets/sockets-ts.wd-test;src/workerd/api/js-writable-stream-test.c++;src/workerd/api/js-writable-stream.c++;src/workerd/api/js-writable-stream.h
baeb40cf80e31cd8588037bda77a20869387a4b9,3c1d9169d1efbb62874f22392ebd7dbe370d8195 1a9fc8312b61c2c3ab63904f47a7dbc15f6b8bff,Merge pull request #7636 from cloudflare/jasnell/ts-streams-string-sizing,Merge topology: component commits are indexed separately; final endpoint diff reviewed.,
1a9fc8312b61c2c3ab63904f47a7dbc15f6b8bff,0f4338d74fe8ce13d8c67c00a460a61131eaf50b,Size TS identity stream writes by the bytes they copy,Experimental typescript_implemented_streams implementation or tests: local runtime uses host WHATWG streams; flag not enabled locally.,src/per_isolate/webstreams/identity.ts;src/tests/streams/identity/AGENTS.md;src/tests/streams/identity/backpressure.js
0f4338d74fe8ce13d8c67c00a460a61131eaf50b,3c1d9169d1efbb62874f22392ebd7dbe370d8195,Count a string's UTF-8 bytes in TS native writable backpressure,Experimental typescript_implemented_streams implementation or tests: local runtime uses host WHATWG streams; flag not enabled locally.,src/per_isolate/per_isolate-env.d.ts;src/per_isolate/webstreams/writable.ts;src/tests/streams/sockets/AGENTS.md;src/tests/streams/sockets/main.js;src/tests/streams/sockets/socket-streams.js;src/workerd/io/per-isolate-bootstrap.c++
3c1d9169d1efbb62874f22392ebd7dbe370d8195,6323539795c83cfba297b8a0d9ae1a2e4ed9f059 e0e4071298017b45cc677a9791c19fd555da461f,Merge pull request #7635 from cloudflare/jasnell/ts-streams-writable-algorithm-clearing,Merge topology: component commits are indexed separately; final endpoint diff reviewed.,
e0e4071298017b45cc677a9791c19fd555da461f,108ffae3ee8f47af4e1c9aa2ed632e193cfe142a,Throw the readable's stored error from a TS transform enqueue,Experimental typescript_implemented_streams implementation or tests: local runtime uses host WHATWG streams; flag not enabled locally.,src/per_isolate/webstreams/transform.ts;src/tests/streams/transform/AGENTS.md;src/tests/streams/transform/main.js;src/tests/streams/transform/reentrancy.js
108ffae3ee8f47af4e1c9aa2ed632e193cfe142a,09584f7cfb5ac811cc052a19794270ac34a40aff,Check for a requested close before a TS transform enqueue,Experimental typescript_implemented_streams implementation or tests: local runtime uses host WHATWG streams; flag not enabled locally.,src/per_isolate/webstreams/readable.ts;src/per_isolate/webstreams/transform.ts;src/tests/streams/transform/AGENTS.md;src/tests/streams/transform/error-propagation.js;src/tests/streams/transform/main.js
09584f7cfb5ac811cc052a19794270ac34a40aff,6323539795c83cfba297b8a0d9ae1a2e4ed9f059,Clear TS writable algorithms after the sink's close and abort return,Experimental typescript_implemented_streams implementation or tests: local runtime uses host WHATWG streams; flag not enabled locally.,src/per_isolate/webstreams/writable.ts;src/tests/streams/writable/AGENTS.md;src/tests/streams/writable/main.js;src/tests/streams/writable/reentrancy.js
6323539795c83cfba297b8a0d9ae1a2e4ed9f059,791e2aa6c619988ce58f07b265be240a7feec208 b148cc48242a0f90c10e707a4fa39b9d32d73fcc,Merge pull request #7633 from cloudflare/jasnell/ts-streams-writable-float-comment,Merge topology: component commits are indexed separately; final endpoint diff reviewed.,
791e2aa6c619988ce58f07b265be240a7feec208,ec93d7032be4a00e7a2e557a4deb2374d82e1136 41b050bbae3b87616f70b664c03c4e25694b1e51,Merge pull request #6908 from dbezhetskov/live-snapshots-2,Merge topology: component commits are indexed separately; final endpoint diff reviewed.,
ec93d7032be4a00e7a2e557a4deb2374d82e1136,64de5d4aa885ee4edb197d076610032b6a3da4bf,[WO-1578] Add spanContext (#7351),"Ported: no-op Span.spanContext() returns a fresh all-zero TracingSpanContext, also after end(); real trace identity needs an absent span observer.",src/cloudflare/internal/test/tracing/tracing-helpers-test.js;src/cloudflare/internal/tracing.d.ts;src/workerd/api/tracing.c++;src/workerd/api/tracing.h;types/generated-snapshot/experimental/index.d.ts;types/generated-snapshot/experimental/index.ts;types/generated-snapshot/index.d.ts;types/generated-snapshot/index.ts
64de5d4aa885ee4edb197d076610032b6a3da4bf,ea392ec5fd43f29d88f7e1363d5546daa942dd30,Add `fetch_setup` span with children for in-isolate fetch setup,Native observability: fetch_setup child spans in in-isolate fetch; no local span observer.,src/workerd/api/fetch-body-rewindable-test.c++;src/workerd/api/http.c++;src/workerd/api/http.h;src/workerd/io/trace.h
b148cc48242a0f90c10e707a4fa39b9d32d73fcc,ea392ec5fd43f29d88f7e1363d5546daa942dd30,Explain the writable float queue total pin as spec double arithmetic,Experimental typescript_implemented_streams implementation or tests: local runtime uses host WHATWG streams; flag not enabled locally.,src/tests/streams/writable/AGENTS.md;src/tests/streams/writable/backpressure.js
ea392ec5fd43f29d88f7e1363d5546daa942dd30,a1914b623fe553daeb37d8c72fda6d7383885096 b9be94a0bc6bd06762738478a4ec54e336469efa,Merge pull request #7632 from cloudflare/jasnell/ts-streams-readable-dead-code,Merge topology: component commits are indexed separately; final endpoint diff reviewed.,
41b050bbae3b87616f70b664c03c4e25694b1e51,343de85ccbd37a4392c3394fbaaa8dd86b1709dc,Cleanup the finalization registry ahead of snapshot CreateBlob,Native V8 startup-snapshot pipeline behind STARTUP_SNAPSHOT autogate: isolate bootstrap and handle lifetimes are host-owned.,src/workerd/jsg/setup.c++
343de85ccbd37a4392c3394fbaaa8dd86b1709dc,1e7d48cddc26167d251113fb5ce6624f11b156ef,Register per-isolate bootstrap V8 callbacks as snapshot external references,Native V8 startup-snapshot pipeline behind STARTUP_SNAPSHOT autogate: isolate bootstrap and handle lifetimes are host-owned.,src/workerd/io/per-isolate-bootstrap.c++
1e7d48cddc26167d251113fb5ce6624f11b156ef,156d8027eb508f15c64f70b7e308097381e84443,Register fixed-index external references: console decorators and synthetic modules,Native V8 startup-snapshot pipeline behind STARTUP_SNAPSHOT autogate: isolate bootstrap and handle lifetimes are host-owned.,src/workerd/io/worker.c++;src/workerd/jsg/modules.c++;src/workerd/jsg/modules.h
156d8027eb508f15c64f70b7e308097381e84443,5f56529b573cd87d10bee0bfa5b7eb483c185a3d,Register V8 external references during JSG type registration,Native V8 startup-snapshot pipeline behind STARTUP_SNAPSHOT autogate: isolate bootstrap and handle lifetimes are host-owned.,src/rust/jsg/ffi.c++;src/workerd/jsg/resource.h;src/workerd/jsg/setup.c++;src/workerd/jsg/setup.h;src/workerd/jsg/snapshot.h
5f56529b573cd87d10bee0bfa5b7eb483c185a3d,996e6d86b8e6ac7d99ea3544a0b495a6abd54867,Release per-isolate bootstrap state ahead of snapshot CreateBlob,Native V8 startup-snapshot pipeline behind STARTUP_SNAPSHOT autogate: isolate bootstrap and handle lifetimes are host-owned.,src/workerd/io/worker.c++
996e6d86b8e6ac7d99ea3544a0b495a6abd54867,5d2ca89ef0f30cd889a19843c8d5e2a60cd8a2aa,Reset the rust realm resource-template cache for snapshots,Native V8 startup-snapshot pipeline behind STARTUP_SNAPSHOT autogate: isolate bootstrap and handle lifetimes are host-owned.,src/rust/jsg/lib.rs;src/rust/jsg/resource.rs;src/rust/jsg/v8.rs;src/workerd/io/worker.c++;src/workerd/jsg/setup.c++;src/workerd/jsg/setup.h
5d2ca89ef0f30cd889a19843c8d5e2a60cd8a2aa,dc6019baceb7b1de462329226a9e4865d7bf33a0,Skip the V8Inspector in PREPARE_SNAPSHOT mode,Native V8 startup-snapshot pipeline behind STARTUP_SNAPSHOT autogate: isolate bootstrap and handle lifetimes are host-owned.,src/workerd/io/worker.c++
dc6019baceb7b1de462329226a9e4865d7bf33a0,2927ad0d372d749e39977e4e1013ef6113378b37,Release live Wrappable wrappers ahead of snapshot CreateBlob,Native V8 startup-snapshot pipeline behind STARTUP_SNAPSHOT autogate: isolate bootstrap and handle lifetimes are host-owned.,src/workerd/jsg/setup.c++;src/workerd/jsg/wrappable.c++;src/workerd/jsg/wrappable.h
2927ad0d372d749e39977e4e1013ef6113378b37,48f31ebed58c5cf291a0cb966f7751b3765d686f,Reset the default context Global ahead of snapshot CreateBlob,Native V8 startup-snapshot pipeline behind STARTUP_SNAPSHOT autogate: isolate bootstrap and handle lifetimes are host-owned.,src/workerd/io/worker.c++;src/workerd/jsg/jsg.h;src/workerd/jsg/setup.c++;src/workerd/jsg/setup.h
48f31ebed58c5cf291a0cb966f7751b3765d686f,307da02d50e1ae7e98c0d23d53050ac2ee9455a9,Reset struct-type handles ahead of snapshot CreateBlob,Native V8 startup-snapshot pipeline behind STARTUP_SNAPSHOT autogate: isolate bootstrap and handle lifetimes are host-owned.,src/workerd/jsg/setup.c++;src/workerd/jsg/setup.h;src/workerd/jsg/struct.h;src/workerd/jsg/type-wrapper.h
307da02d50e1ae7e98c0d23d53050ac2ee9455a9,5dbafcc3821b8eccf15d5fabb10f30acc8d5447f,Reset resource constructor templates ahead of snapshot CreateBlob,Native V8 startup-snapshot pipeline behind STARTUP_SNAPSHOT autogate: isolate bootstrap and handle lifetimes are host-owned.,src/workerd/jsg/resource.h;src/workerd/jsg/setup.c++;src/workerd/jsg/setup.h;src/workerd/jsg/type-wrapper.h
5dbafcc3821b8eccf15d5fabb10f30acc8d5447f,572d3b9bd9c354eb79b1c0d515559841147ecc21,Skip creating Worker-level C++ handles when preparing a snapshot,Native V8 startup-snapshot pipeline behind STARTUP_SNAPSHOT autogate: isolate bootstrap and handle lifetimes are host-owned.,src/workerd/io/worker.c++
572d3b9bd9c354eb79b1c0d515559841147ecc21,0f395f8141f52a49fc07ad8dbbdafc70616e754e,Reset Isolate level C++ handles,Native V8 startup-snapshot pipeline behind STARTUP_SNAPSHOT autogate: isolate bootstrap and handle lifetimes are host-owned.,src/workerd/jsg/setup.c++
0f395f8141f52a49fc07ad8dbbdafc70616e754e,a1914b623fe553daeb37d8c72fda6d7383885096,"Introduce V8 startup-snapshot pipeline: zygote produces, worker uses",Native V8 startup-snapshot pipeline behind STARTUP_SNAPSHOT autogate: isolate bootstrap and handle lifetimes are host-owned.,src/workerd/io/worker.c++;src/workerd/jsg/BUILD.bazel;src/workerd/jsg/jsg.c++;src/workerd/jsg/jsg.h;src/workerd/jsg/setup.c++;src/workerd/jsg/setup.h;src/workerd/jsg/snapshot.h;src/workerd/server/BUILD.bazel;src/workerd/server/server.c++;src/workerd/server/server.h;src/workerd/server/workerd-api.c++;src/workerd/server/workerd-api.h;src/workerd/util/autogate.h
a1914b623fe553daeb37d8c72fda6d7383885096,83a0f5ee42725c8c3b1c2cffe2fed1ef536c3b7f 17ff90b831d43ca3db65e95d6f47268513d0d903,Merge pull request #7520 from cloudflare/floitsch/isolate-metrics,Merge topology: component commits are indexed separately; final endpoint diff reviewed.,
83a0f5ee42725c8c3b1c2cffe2fed1ef536c3b7f,967f8bfaca86990188f6c5c0f257e6b31b6d2e7b,[build] Update to Bazel 9.3.0,"Build, dependency, release tooling or documentation: no local runtime behavior port.",.bazelrc;.bazelversion;build/ci.bazelrc;build/deps/build_deps.jsonc;build/deps/deps.jsonc;build/deps/gen/deps.MODULE.bazel;build/deps/v8.MODULE.bazel;build/js_capnp_library.bzl;build/tools/clang_tidy/clang_tidy.bzl;build/wd_cc_embed.bzl;build/wd_rust_binary.bzl;patches/perfetto/0003-Load-rules-removed-from-Bazel-9-builtins.patch;patches/v8/0044-Load-cc_library-in-BUILD.icu.patch
b9be94a0bc6bd06762738478a4ec54e336469efa,967f8bfaca86990188f6c5c0f257e6b31b6d2e7b,Remove dead code from the TS readable stream,Experimental typescript_implemented_streams implementation or tests: local runtime uses host WHATWG streams; flag not enabled locally.,src/per_isolate/webstreams/native.ts;src/per_isolate/webstreams/queue.ts;src/per_isolate/webstreams/readable.ts
967f8bfaca86990188f6c5c0f257e6b31b6d2e7b,80c275b0afedf52f978342cddbf2034b89eb3731 ab766361981d01a0c1a09c9cd6c6e09532e2c430,Merge pull request #7631 from cloudflare/jasnell/ts-streams-tee-close-in-size,Merge topology: component commits are indexed separately; final endpoint diff reviewed.,
80c275b0afedf52f978342cddbf2034b89eb3731,368d74751f8c725bae1d466e692d43402c9e08ee,Bump next from 16.3.6 to 16.3.8,Upstream OpenNext test dependency bump; unrelated to local dependency graph.,pnpm-lock.yaml;src/workerd/api/tests/opennextjs/src/package.json
368d74751f8c725bae1d466e692d43402c9e08ee,cb61e82b35bf4cac7fc69821743337b8ca498bd5 641cc4e8e39498a85bbfe9f12920bf165cf3a805,Merge pull request #7652 from cloudflare/floitsch/node-test-fixtures,Merge topology: component commits are indexed separately; final endpoint diff reviewed.,
641cc4e8e39498a85bbfe9f12920bf165cf3a805,782d97bcafcb9ab3b9bd066d351957a3a500d75d,Remove the structured logging fixture's unused HTTP socket,Upstream test infrastructure: no local behavior change.,src/workerd/server/tests/structured-logging/structured-logging-json.wd-test
17ff90b831d43ca3db65e95d6f47268513d0d903,834c4e66a65522a32aed19a1338b9e125e2da06f,Let the embedder receive V8's internal histograms,Native isolate observer metrics: no local IsolateObserver or V8 histogram sink.,src/workerd/jsg/observer.h;src/workerd/jsg/setup-test.c++;src/workerd/jsg/setup.c++;src/workerd/jsg/setup.h
834c4e66a65522a32aed19a1338b9e125e2da06f,d3dd1c258c3d7a99c864b050f5bb9d9c79f586c3,Pass the isolate UUID through a compatible observer hook,Native isolate observer metrics: no local IsolateObserver or V8 histogram sink.,src/workerd/io/observer-test.c++;src/workerd/io/observer.h;src/workerd/io/worker.c++
d3dd1c258c3d7a99c864b050f5bb9d9c79f586c3,b3c3bd9be734b3d24b479683900dca75c07d4e3d,Count generated code sizes in IsolateBase,Native isolate observer metrics: no local IsolateObserver or V8 histogram sink.,src/workerd/jsg/setup.c++;src/workerd/jsg/setup.h
b3c3bd9be734b3d24b479683900dca75c07d4e3d,cb61e82b35bf4cac7fc69821743337b8ca498bd5,Report script source sizes to the IsolateObserver,Native isolate observer metrics: no local IsolateObserver or V8 histogram sink.,src/workerd/io/BUILD.bazel;src/workerd/io/observer.h;src/workerd/io/worker-source-stats-test.c++;src/workerd/io/worker-source-stats.c++;src/workerd/io/worker-source-stats.h;src/workerd/io/worker.c++
782d97bcafcb9ab3b9bd066d351957a3a500d75d,cb61e82b35bf4cac7fc69821743337b8ca498bd5,Synchronize the HTTP incremental-delivery test with acknowledgements,Host Node http client test synchronization: runtime does not port node modules.,src/tests/node/http-client/AGENTS.md;src/tests/node/http-client/http-servers.js;src/tests/node/http-client/response-body.js
cb61e82b35bf4cac7fc69821743337b8ca498bd5,9f247e0d5feae1f98ffcee5c9f44a0ded87bb334,Fix Node global declarations in workers types (#7149),Ambient type contract: supplied by updated Workers types pin; no local implementation change.,types/generated-snapshot/index.d.ts;types/generated-snapshot/index.ts;types/src/transforms/globals.ts;types/test/transforms/globals.spec.ts
9f247e0d5feae1f98ffcee5c9f44a0ded87bb334,34d0a2f73c5a145f3a8012cdb352d165b7282be4 619e9779b93e4742eeebe42cacb8efcf90eac088,Merge pull request #7661 from cloudflare/jasnell/skip-internal-in-stack,Merge topology: component commits are indexed separately; final endpoint diff reviewed.,
ab766361981d01a0c1a09c9cd6c6e09532e2c430,b9ecc4befe043178435e34cc8ee2ef5a5ebc977a,Give every TS tee branch the same chunk when size() closes the stream,Experimental typescript_implemented_streams implementation or tests: local runtime uses host WHATWG streams; flag not enabled locally.,src/per_isolate/webstreams/queue.ts;src/tests/streams/readable/AGENTS.md;src/tests/streams/readable/main.js;src/tests/streams/readable/reentrancy.js
b9ecc4befe043178435e34cc8ee2ef5a5ebc977a,34d0a2f73c5a145f3a8012cdb352d165b7282be4,Settle a TS tee branch's cancel once the others have drained to the close,Experimental typescript_implemented_streams implementation or tests: local runtime uses host WHATWG streams; flag not enabled locally.,src/per_isolate/webstreams/readable.ts;src/tests/streams/readable/AGENTS.md;src/tests/streams/readable/main.js;src/tests/streams/readable/tee.js
34d0a2f73c5a145f3a8012cdb352d165b7282be4,b7079a736927c5f1d359e837fd965ae0cbb8b10f 058f0526f7ec10da3d8a737ba5588ea4e3f095ee,Merge pull request #7629 from cloudflare/jasnell/ts-streams-queue-total-clamp,Merge topology: component commits are indexed separately; final endpoint diff reviewed.,
b7079a736927c5f1d359e837fd965ae0cbb8b10f,2aa7bc26b60532e33cdece171f98ace765dbabec,Release 2026-10-08,Release metadata: oracle/types pinned at final release; compatibility date not advanced.,src/workerd/io/maximum-compatibility-date.txt;src/workerd/io/release-version.txt
2aa7bc26b60532e33cdece171f98ace765dbabec,970dc0b176432e9ca8b3b420f175c61f49e98c06 de69589e4c61e32275c6ee8d3fe88e6821a76061,Merge pull request #7659 from cloudflare/jasnell/mark-all-streams-tests-large,Merge topology: component commits are indexed separately; final endpoint diff reviewed.,
619e9779b93e4742eeebe42cacb8efcf90eac088,970dc0b176432e9ca8b3b420f175c61f49e98c06,Skip internal build in stacked PRs,"Build, dependency, release tooling or documentation: no local runtime behavior port.",.github/workflows/internal-build.yml
058f0526f7ec10da3d8a737ba5588ea4e3f095ee,970dc0b176432e9ca8b3b420f175c61f49e98c06,"Clamp the TS readable queue total at dequeue, as the spec does",Experimental typescript_implemented_streams implementation or tests: local runtime uses host WHATWG streams; flag not enabled locally.,src/per_isolate/webstreams/queue.ts;src/tests/streams/readable/AGENTS.md;src/tests/streams/readable/main.js;src/tests/streams/readable/queue-math.js
970dc0b176432e9ca8b3b420f175c61f49e98c06,2df1f85147814d5b7523b37e50f265a348f7221a 29562e5d23d29d8768ef6cf9e0b9631a8952c677,Merge pull request #7536 from cloudflare/jasnell/ts-streams-from-iterator-protocol,Merge topology: component commits are indexed separately; final endpoint diff reviewed.,
de69589e4c61e32275c6ee8d3fe88e6821a76061,2df1f85147814d5b7523b37e50f265a348f7221a,Mark all streams tests large to give longer timeouts,Upstream streams/Node test size configuration; no local behavior change.,src/tests/node/http-server/BUILD.bazel;src/tests/node/net/BUILD.bazel;src/tests/node/stream/BUILD.bazel;src/tests/streams/cache/BUILD.bazel;src/tests/streams/compression/BUILD.bazel;src/tests/streams/digest/BUILD.bazel;src/tests/streams/encoding/BUILD.bazel;src/tests/streams/formdata/BUILD.bazel;src/tests/streams/htmlrewriter/BUILD.bazel;src/tests/streams/identity/BUILD.bazel;src/tests/streams/inspect/BUILD.bazel;src/tests/streams/iocontext/BUILD.bazel;src/tests/streams/piping/BUILD.bazel;src/tests/streams/r2-patterns/BUILD.bazel;src/tests/streams/readable-byte/BUILD.bazel;src/tests/streams/readable/BUILD.bazel;src/tests/streams/sockets/BUILD.bazel;src/tests/streams/strategies/BUILD.bazel;src/tests/streams/transform/BUILD.bazel;src/tests/streams/writable/BUILD.bazel
29562e5d23d29d8768ef6cf9e0b9631a8952c677,e40bf726dd94d54e23aac2b9bc740f4e90155391,Mark readable-byte-ts test large for longer timeout,Upstream streams test size configuration; no local behavior change.,src/tests/streams/readable-byte/BUILD.bazel
2df1f85147814d5b7523b37e50f265a348f7221a,1d75636452725c03b72309ab346091f8f5867731,Contain exceptions thrown while releasing objects during GC,Native GC: contain exceptions from IoOwn release during GC; local objects are JS-GC owned with no cross-context release callback.,src/workerd/api/tests/BUILD.bazel;src/workerd/api/tests/rpc-stub-gc-foreign-span-tail.js;src/workerd/api/tests/rpc-stub-gc-foreign-span-test.js;src/workerd/api/tests/rpc-stub-gc-foreign-span-test.wd-test;src/workerd/io/io-context.c++;src/workerd/io/io-own.h;src/workerd/jsg/setup.c++
1d75636452725c03b72309ab346091f8f5867731,651ca6070e43a2e317e185a2bad1e7f243349ae1 e24a85ca2dad3434f2022312ac44f0955d2c5640,Merge pull request #7654 from cloudflare/mikea-patch-5,Merge topology: component commits are indexed separately; final endpoint diff reviewed.,
e24a85ca2dad3434f2022312ac44f0955d2c5640,651ca6070e43a2e317e185a2bad1e7f243349ae1,fix wd_rust_proc_macro.bzl to be used downstream,"Build, dependency, release tooling or documentation: no local runtime behavior port.",build/wd_rust_proc_macro.bzl
651ca6070e43a2e317e185a2bad1e7f243349ae1,eb940ea847ca54c381e3d7b218c6a996b2ef8308,Report wrapper cppgc allocations to V8 outside the no-GC scope,Native cppgc allocation reporting; local JS wrappers carry no cppgc allocations.,src/workerd/jsg/tracing-test.c++;src/workerd/jsg/wrappable.c++
eb940ea847ca54c381e3d7b218c6a996b2ef8308,44f7d0db18c418bd67da21c8c48975d8783c568a,Release 2026-10-07,Release metadata: oracle/types pinned at final release; compatibility date not advanced.,src/workerd/io/maximum-compatibility-date.txt;src/workerd/io/release-version.txt
44f7d0db18c418bd67da21c8c48975d8783c568a,942c34d8cd4780bf1b7f68900d43850e7c079740 049a6fb231564a3f3a0ced06365b84a89e558286,Merge pull request #7624 from cloudflare/maizatskyi/2026-10-05-map-add-ref,Merge topology: component commits are indexed separately; final endpoint diff reviewed.,
049a6fb231564a3f3a0ced06365b84a89e558286,942c34d8cd4780bf1b7f68900d43850e7c079740,remove own-util,"Native refactor: own-util removal (Own to Rc clones, including InputGate critical sections); no public behavior change.",src/workerd/api/BUILD.bazel;src/workerd/api/cache.c++;src/workerd/api/cf-property.c++;src/workerd/api/form-data.c++;src/workerd/api/global-scope.c++;src/workerd/api/hibernatable-adapter.c++;src/workerd/api/hibernatable-adapter.h;src/workerd/api/http.c++;src/workerd/api/r2-bucket.c++;src/workerd/api/restore.c++;src/workerd/api/sockets.c++;src/workerd/api/trace.c++;src/workerd/api/urlpattern.c++;src/workerd/api/web-socket.c++;src/workerd/api/web-socket.h;src/workerd/api/worker-loader.c++;src/workerd/api/worker-rpc.c++;src/workerd/io/BUILD.bazel;src/workerd/io/frankenvalue.c++;src/workerd/io/incoming-request-test.c++;src/workerd/io/io-channels.c++;src/workerd/io/io-channels.h;src/workerd/io/io-context.c++;src/workerd/io/io-context.h;src/workerd/io/io-gate.h;src/workerd/io/trace.c++;src/workerd/io/trace.h;src/workerd/io/tracer.c++;src/workerd/io/tracer.h;src/workerd/io/worker-entrypoint.c++;src/workerd/io/worker-entrypoint.h;src/workerd/io/worker.h;src/workerd/server/BUILD.bazel;src/workerd/server/actor-id-impl.c++;src/workerd/server/channel-token.c++;src/workerd/server/server.c++;src/workerd/tests/test-fixture.c++;src/workerd/tests/test-fixture.h;src/workerd/util/BUILD.bazel;src/workerd/util/own-util.h
942c34d8cd4780bf1b7f68900d43850e7c079740,33702f42b4b9fffb7602444166f530d4da6a6677 05a1330127c38b1db4da869394a95d65c0f3a77b,Merge pull request #7623 from cloudflare/maizatskyi/2026-10-05-update-capnproto,Merge topology: component commits are indexed separately; final endpoint diff reviewed.,
33702f42b4b9fffb7602444166f530d4da6a6677,ebd90312bff06ae5c7689a23a3589c898f4b7618,kj-rs-tokio: a Runtime that lets Rust main own the KJ loop,"Native JSG/V8/Rust/KJ implementation, build or tests: ownership, GC and event-loop substrate is host-owned.",src/rust/cxx/AGENTS.md;src/rust/cxx/kj-rs-io/net-test.rs;src/rust/cxx/kj-rs-tokio/BUILD.bazel;src/rust/cxx/kj-rs-tokio/ffi.rs;src/rust/cxx/kj-rs-tokio/lib.rs;src/rust/cxx/kj-rs-tokio/port.rs;src/rust/cxx/kj-rs-tokio/runtime-test.rs;src/rust/cxx/kj-rs-tokio/runtime.rs;src/rust/cxx/kj-rs-tokio/tests/BUILD.bazel;src/rust/cxx/kj-rs-tokio/tests/lib.rs;src/rust/cxx/kj-rs-tokio/tests/test-helpers.h;src/rust/cxx/kj-rs-tokio/tests/test_helpers.rs;src/rust/cxx/kj-rs-tokio/tests/tokio-event-port-test.c++;src/rust/cxx/kj-rs-tokio/tokio-event-port.c++;src/rust/cxx/kj-rs-tokio/tokio-event-port.h
ebd90312bff06ae5c7689a23a3589c898f4b7618,ba750cbfd5a95d300f945009e40a0daff2b8813f dfaadb37038446712956294bec6a8e99e346858c,upstream patch (#7638),Merge topology: component commits are indexed separately; final endpoint diff reviewed.,
05a1330127c38b1db4da869394a95d65c0f3a77b,ba750cbfd5a95d300f945009e40a0daff2b8813f,capnproto update,"Native JSG/V8/Rust/KJ implementation, build or tests: ownership, GC and event-loop substrate is host-owned.",build/deps/gen/deps.MODULE.bazel;src/rust/cxx/gen/src/write.rs;src/rust/cxx/kj-rs/maybe.rs;src/rust/cxx/kj-rs/refcount.c++;src/rust/cxx/kj-rs/refcount.h;src/rust/cxx/kj-rs/refcount.rs;src/rust/cxx/tests/BUILD.bazel;src/rust/cxx/tests/cxx_gen.rs;src/rust/cxx/tests/ffi/lib.rs;src/rust/cxx/tests/ffi/tests.cc;src/rust/cxx/tests/ffi/tests.h;src/rust/cxx/tests/test.rs
dfaadb37038446712956294bec6a8e99e346858c,713da3aede32b71bc2826b5cabc8b34b50356193,fix(WebSocket): ensure WebSocket is released after pump ends when open listener throws,Native client WebSocket lifetime after a throwing 'open' listener (initConnection path); local actor-global new WebSocket(url) is refused and host client sockets use the host WebSocket. Release no longer waits for peer disconnect.,src/workerd/api/tests/websocket-open-error-sidecar.js;src/workerd/api/tests/websocket-open-error-test.js;src/workerd/api/web-socket.c++
713da3aede32b71bc2826b5cabc8b34b50356193,c920a45006ba39327f8774b1bc1690466b458b75,Fix WebSocket read loop use-after-free after 'open' listener throws,Native client WebSocket lifetime after a throwing 'open' listener (initConnection path); local actor-global new WebSocket(url) is refused and host client sockets use the host WebSocket. Read loop drops messages once incoming side closed elsewhere.,src/workerd/api/tests/BUILD.bazel;src/workerd/api/tests/websocket-open-error-sidecar.js;src/workerd/api/tests/websocket-open-error-test.js;src/workerd/api/tests/websocket-open-error-test.wd-test;src/workerd/api/web-socket.c++;src/workerd/api/web-socket.h
ba750cbfd5a95d300f945009e40a0daff2b8813f,19fb92ef43bdb28ba6a90813ed58271ce2b58c6e c920a45006ba39327f8774b1bc1690466b458b75,Merge pull request #7628 from cloudflare/apeacock/actor-retry-probes,Merge topology: component commits are indexed separately; final endpoint diff reviewed.,
e40bf726dd94d54e23aac2b9bc740f4e90155391,51a2c17a1c89aa55be467939cbba484419196797,Pin that from() calls no next() before the first read,Experimental typescript_implemented_streams implementation or tests: local runtime uses host WHATWG streams; flag not enabled locally.,src/tests/streams/readable/from.js
51a2c17a1c89aa55be467939cbba484419196797,b617a2df025853ec929bdb5ea4e7120359599960,Record the sync from() path's schedule and the C++ return-getter defect,Experimental typescript_implemented_streams implementation or tests: local runtime uses host WHATWG streams; flag not enabled locally.,src/per_isolate/webstreams/readable.ts;src/tests/streams/readable/AGENTS.md;src/tests/streams/readable/from.js;src/tests/streams/readable/main.js
b617a2df025853ec929bdb5ea4e7120359599960,19fb92ef43bdb28ba6a90813ed58271ce2b58c6e,Follow the spec's iterator protocol in TS ReadableStream.from,Experimental typescript_implemented_streams implementation or tests: local runtime uses host WHATWG streams; flag not enabled locally.,src/per_isolate/webstreams/readable.ts;src/tests/streams/readable/AGENTS.md;src/tests/streams/readable/from.js;src/tests/streams/readable/main.js;src/tests/streams/readable/pollution.js
c920a45006ba39327f8774b1bc1690466b458b75,8c3e9ec27804a1975748f061c47e0fd0366361e4,Report actor calls that proposed retry changes could affect,Distributed actor retries: temporary retry diagnostics or replay tests require absent claim/replay service protocol.,src/workerd/api/actor-call-retry-test.c++;src/workerd/api/actor-call-retry.c++;src/workerd/api/actor-call-retry.h;src/workerd/api/actor-fetch-retry-test.c++;src/workerd/api/actor.h;src/workerd/api/fetch-body-rewindable-test.c++;src/workerd/api/http.c++;src/workerd/api/http.h;src/workerd/api/jsrpc-call-observation-test.c++;src/workerd/api/jsrpc-call-retry-test.c++;src/workerd/api/worker-rpc.c++;src/workerd/api/worker-rpc.h;src/workerd/io/observer.h
8c3e9ec27804a1975748f061c47e0fd0366361e4,c39bb251f8aaaff97e98323d5fbdba24bddba877,Report how long actor calls take to exhaust their retries,Distributed actor retries: temporary retry diagnostics or replay tests require absent claim/replay service protocol.,src/workerd/api/actor-call-retry-test.c++;src/workerd/api/actor-call-retry.c++;src/workerd/io/observer.h
c39bb251f8aaaff97e98323d5fbdba24bddba877,8f5395c477550bba69c3ec75cf0e149813f3ae97,Report why actor retry loops stop retrying,Distributed actor retries: temporary retry diagnostics or replay tests require absent claim/replay service protocol.,src/workerd/api/actor-call-retry-test.c++;src/workerd/api/actor-call-retry.c++;src/workerd/api/actor-call-retry.h;src/workerd/api/worker-rpc.c++;src/workerd/io/observer.h
19fb92ef43bdb28ba6a90813ed58271ce2b58c6e,0cbbe50a9c44f9c958d1ff41c61acbf7ce555f30 48e34eaefc8e3ee5633797eebc307ade1cb9642b,Merge pull request #7604 from cloudflare/fcollin/CFSQL-1814-zokzpkuvowmv,Merge topology: component commits are indexed separately; final endpoint diff reviewed.,
0cbbe50a9c44f9c958d1ff41c61acbf7ce555f30,f7b08c3a503258716a26b9e00ea88a01cf797786 4cb0446c2115fc06b3db1981df57415af3e7cb07,Merge pull request #7462 from karishnu/feat/flagship-structured-context-types,Merge topology: component commits are indexed separately; final endpoint diff reviewed.,
f7b08c3a503258716a26b9e00ea88a01cf797786,d1c2ea7350f1d0625fb8f30c6c86100aa92d2100,Merge pull request #7459 from karishnu/feat/flagship-generic-binding-types,Separate Flagship binding types: supplied by Workers types pin; no local service.,types/defines/flagship.d.ts;types/generated-snapshot/experimental/index.d.ts;types/generated-snapshot/experimental/index.ts;types/generated-snapshot/index.d.ts;types/generated-snapshot/index.ts;types/test/types/flagship.ts
4cb0446c2115fc06b3db1981df57415af3e7cb07,d1c2ea7350f1d0625fb8f30c6c86100aa92d2100,Type structured Flagship context,Separate Flagship binding types: supplied by Workers types pin; no local service.,types/defines/flagship.d.ts;types/generated-snapshot/experimental/index.d.ts;types/generated-snapshot/experimental/index.ts;types/generated-snapshot/index.d.ts;types/generated-snapshot/index.ts;types/test/types/flagship-context.ts
d1c2ea7350f1d0625fb8f30c6c86100aa92d2100,752ba4dfbb9b7a7529368d86aef3c56dcc2220c0 8f5395c477550bba69c3ec75cf0e149813f3ae97,Merge pull request #7567 from cloudflare/gyeongjae/python-workers-span,Merge topology: component commits are indexed separately; final endpoint diff reviewed.,
8f5395c477550bba69c3ec75cf0e149813f3ae97,752ba4dfbb9b7a7529368d86aef3c56dcc2220c0,Add more spans and tags for Python workers,"Host Python interpreter tracing spans: execution belongs to isolate channel, not local Worker Loader.",src/pyodide/internal/jaeger.ts;src/pyodide/internal/python.ts;src/pyodide/internal/snapshot.ts;src/pyodide/python-entrypoint-helper.ts;src/pyodide/types/internalJaeger.d.ts
752ba4dfbb9b7a7529368d86aef3c56dcc2220c0,107ea005f9702e5422a84bb5840ca9d9980cff0d,types: Support ReadonlyMap and ReadonlySet in RPC types,Ambient type contract: supplied by updated Workers types pin; no local implementation change. (ReadonlyMap/ReadonlySet RPC serializability).,types/defines/rpc.d.ts;types/generated-snapshot/experimental/index.d.ts;types/generated-snapshot/experimental/index.ts;types/generated-snapshot/index.d.ts;types/generated-snapshot/index.ts;types/test/types/rpc.ts
107ea005f9702e5422a84bb5840ca9d9980cff0d,0e2da6cb219819e65fd80175331a4cef256508e9,Release 2026-10-06,Release metadata: oracle/types pinned at final release; compatibility date not advanced.,src/workerd/io/maximum-compatibility-date.txt;src/workerd/io/release-version.txt
0e2da6cb219819e65fd80175331a4cef256508e9,5ed1a5c8334673ac052155e8c1599d34a42a3f05 2beeeea4d1964b859fc982ac6bcfefdb951d5018,Merge pull request #7534 from cloudflare/jasnell/ts-streams-async-iterator-shape,Merge topology: component commits are indexed separately; final endpoint diff reviewed.,
5ed1a5c8334673ac052155e8c1599d34a42a3f05,80c5fff7aa2915771fa05cbbc63e0336b02f95df,[build] Use high-cpu runner when linking workerd binary,"Build, dependency, release tooling or documentation: no local runtime behavior port.",build/wd_cc_binary.bzl;build/wd_rust_binary.bzl;src/tests/node/AGENTS.md;src/tests/streams/AGENTS.md
2beeeea4d1964b859fc982ac6bcfefdb951d5018,4ef7f019a9a5cd5422f8ab541a36ce3bc08b2ea1,Resolve the async iterator's return() through its own promise,Experimental typescript_implemented_streams implementation or tests: local runtime uses host WHATWG streams; flag not enabled locally.,src/per_isolate/webstreams/readable.ts;src/tests/streams/readable/AGENTS.md;src/tests/streams/readable/async-iteration.js;src/tests/streams/readable/main.js;src/tests/streams/readable/then-interceptors.js
4ef7f019a9a5cd5422f8ab541a36ce3bc08b2ea1,80c5fff7aa2915771fa05cbbc63e0336b02f95df,Align the TS ReadableStream async iterator with WebIDL,Experimental typescript_implemented_streams implementation or tests: local runtime uses host WHATWG streams; flag not enabled locally.,src/per_isolate/webstreams/readable.ts;src/tests/streams/readable/AGENTS.md;src/tests/streams/readable/async-iteration.js;src/tests/streams/readable/main.js;src/tests/streams/readable/then-interceptors.js
80c5fff7aa2915771fa05cbbc63e0336b02f95df,1bdf7f1fbeeae04a78ba7bbcbc3a8a6ca920ef48 42b582e02b27931b23c0b24b06c580bea7ff17d1,Merge pull request #7530 from cloudflare/jasnell/ts-streams-sab-view-errors,Merge topology: component commits are indexed separately; final endpoint diff reviewed.,
42b582e02b27931b23c0b24b06c580bea7ff17d1,1bdf7f1fbeeae04a78ba7bbcbc3a8a6ca920ef48,Pin SharedArrayBuffer view rejection across byte-stream entry points,Experimental typescript_implemented_streams implementation or tests: local runtime uses host WHATWG streams; flag not enabled locally.,src/tests/streams/readable-byte/AGENTS.md;src/tests/streams/readable-byte/buffer-lifecycle.js
1bdf7f1fbeeae04a78ba7bbcbc3a8a6ca920ef48,82dff2227aca29b940715f5fa8e8e398c87c1423 9f01b4618cdcfbedb9892264d464db51d8d61684,Merge pull request #7529 from cloudflare/jasnell/ts-streams-read-result-then-lookups,Merge topology: component commits are indexed separately; final endpoint diff reviewed.,
82dff2227aca29b940715f5fa8e8e398c87c1423,beb02fcce69f008a17338bb9104423932dfdef8f,Size the tailStreamSession() request to fit (#7619),Native tail stream session request sizing; no local tail-stream service.,src/workerd/io/trace-stream.c++
9f01b4618cdcfbedb9892264d464db51d8d61684,94e3311c5a1f74fbab67585c219673e5c4cd654e,Pull before settling a read(view) answered from the queue,Experimental typescript_implemented_streams implementation or tests: local runtime uses host WHATWG streams; flag not enabled locally.,src/per_isolate/webstreams/readable.ts;src/tests/streams/readable-byte/AGENTS.md;src/tests/streams/readable-byte/main.js;src/tests/streams/readable-byte/pollution.js
94e3311c5a1f74fbab67585c219673e5c4cd654e,1e27a09f65c2ba9b27c4b5fdb5994635d3d0d5c7,Share the default-read steps between internal and user reads,Experimental typescript_implemented_streams implementation or tests: local runtime uses host WHATWG streams; flag not enabled locally.,src/per_isolate/webstreams/readable.ts
1e27a09f65c2ba9b27c4b5fdb5994635d3d0d5c7,0c88b082b6c49a5c646506ca00d9b518c61d6b08,Drop the queued cursor's unreachable synchronous submitRead branch,Experimental typescript_implemented_streams implementation or tests: local runtime uses host WHATWG streams; flag not enabled locally.,src/per_isolate/webstreams/queue.ts
0c88b082b6c49a5c646506ca00d9b518c61d6b08,98364eacae2a3b4c71b058f6fb897b8c2e86cb20,Build internal read results from a class with a detached prototype,Experimental typescript_implemented_streams implementation or tests: local runtime uses host WHATWG streams; flag not enabled locally.,src/per_isolate/AGENTS.md;src/per_isolate/webstreams/AGENTS.md;src/per_isolate/webstreams/queue.ts;src/per_isolate/webstreams/readable.ts
98364eacae2a3b4c71b058f6fb897b8c2e86cb20,beb02fcce69f008a17338bb9104423932dfdef8f,Tune re-entrancy and microtask resolution timing,Experimental typescript_implemented_streams implementation or tests: local runtime uses host WHATWG streams; flag not enabled locally.,src/per_isolate/AGENTS.md;src/per_isolate/webstreams/AGENTS.md;src/per_isolate/webstreams/compression.ts;src/per_isolate/webstreams/native.ts;src/per_isolate/webstreams/queue.ts;src/per_isolate/webstreams/readable.ts;src/tests/streams/compression/AGENTS.md;src/tests/streams/compression/reentrancy.js;src/tests/streams/encoding/AGENTS.md;src/tests/streams/encoding/reentrancy.js;src/tests/streams/identity/AGENTS.md;src/tests/streams/identity/backpressure.js;src/tests/streams/identity/reentrancy.js;src/tests/streams/piping/AGENTS.md;src/tests/streams/piping/pipe-matrix.js;src/tests/streams/readable-byte/AGENTS.md;src/tests/streams/readable-byte/main.js;src/tests/streams/readable-byte/pollution.js;src/tests/streams/readable/AGENTS.md;src/tests/streams/readable/main.js;src/tests/streams/readable/then-interceptors.js;src/tests/streams/transform/AGENTS.md;src/tests/streams/transform/then-interceptors.js
48e34eaefc8e3ee5633797eebc307ade1cb9642b,b996fcd094c58f18d5b1728841507c31f4f46e2b,CFSQL-1814: Avoid double-prefixing unsupported D1 result kind errors,Separate D1 product binding: JSRPC result/error normalization in d1-api; no local D1 service.,src/cloudflare/internal/d1-api.ts
b996fcd094c58f18d5b1728841507c31f4f46e2b,6eadb461d7d4b695049e556057cc4540c758c011,CFSQL-1814: Inline _query() into _queryOrThrow(),Separate D1 product binding: JSRPC result/error normalization in d1-api; no local D1 service.,src/cloudflare/internal/d1-api.ts
6eadb461d7d4b695049e556057cc4540c758c011,9459c6556a79753dc17e8761db298aa9933660a6,CFSQL-1814: Share D1 JSRPC error wrapping with exec(),Separate D1 product binding: JSRPC result/error normalization in d1-api; no local D1 service.,src/cloudflare/internal/d1-api.ts
9459c6556a79753dc17e8761db298aa9933660a6,9f0f1277de271bcdfda6b76b340e530695bd86fd,CFSQL-1814: Throw legacy D1 JSRPC failures,Separate D1 product binding: JSRPC result/error normalization in d1-api; no local D1 service.,src/cloudflare/internal/d1-api.ts;src/cloudflare/internal/test/d1/d1-api-test-jsrpc-contract.js;src/cloudflare/internal/test/d1/d1-mock.js
9f0f1277de271bcdfda6b76b340e530695bd86fd,9c86ca896c0d53370d64a9bc8fe6d7e9d05928fb,CFSQL-1814: Use the RPC error message in D1 JSRPC errors,Separate D1 product binding: JSRPC result/error normalization in d1-api; no local D1 service.,src/cloudflare/internal/d1-api.ts;src/cloudflare/internal/test/d1/d1-api-test-jsrpc-contract.js
beb02fcce69f008a17338bb9104423932dfdef8f,1d6bc29740d52e640c294f495f931d8b4ee514a4,rust: deny unsafe and panicking code by default in every crate,"Native JSG/V8/Rust/KJ implementation, build or tests: ownership, GC and event-loop substrate is host-owned.",build/AGENTS.md;build/rust/BUILD.bazel;build/wd_rust_binary.bzl;build/wd_rust_crate.bzl;build/wd_rust_proc_macro.bzl;docs/reference/rust-review-checklist.md;src/rust/AGENTS.md;src/rust/api/lib.rs;src/rust/cxx-integration-test/BUILD.bazel;src/rust/cxx-integration/lib.rs;src/rust/cxx/BUILD.bazel;src/rust/cxx/kj-rs-io/BUILD.bazel;src/rust/cxx/kj-rs-io/ffi.rs;src/rust/cxx/kj-rs-io/lib.rs;src/rust/cxx/kj-rs-io/net.rs;src/rust/cxx/kj-rs-io/stream.rs;src/rust/cxx/kj-rs-tokio/BUILD.bazel;src/rust/cxx/kj-rs-tokio/ffi.rs;src/rust/cxx/kj-rs-tokio/lib.rs;src/rust/cxx/kj-rs-tokio/port.rs;src/rust/cxx/kj-rs/BUILD.bazel;src/rust/cxx/kj-rs/awaiter.rs;src/rust/cxx/kj-rs/future.rs;src/rust/cxx/kj-rs/lib.rs;src/rust/cxx/kj-rs/maybe.rs;src/rust/cxx/kj-rs/own.rs;src/rust/cxx/kj-rs/promise.rs;src/rust/cxx/kj-rs/refcount.rs;src/rust/cxx/kj-rs/waker.rs;src/rust/encoding/lib.rs;src/rust/gen-compile-cache/main.rs;src/rust/jsg-macros/resource.rs;src/rust/jsg-test/BUILD.bazel;src/rust/jsg/feature_flags.rs;src/rust/jsg/lib.rs;src/rust/jsg/modules.rs;src/rust/jsg/nullable.rs;src/rust/jsg/resource.rs;src/rust/jsg/v8.rs;src/rust/jsg/wrappable.rs;src/rust/kj/http.rs;src/rust/kj/io.rs;src/rust/kj/own.rs;src/rust/kj/tests/BUILD.bazel;src/rust/memory-cache/ffi/lib.rs;src/rust/node-exceptions/lib.rs;src/rust/python-parser/lib.rs;src/rust/transpiler/lib.rs;src/rust/worker/cxx_worker.rs;src/rust/worker/error.rs;src/rust/worker/ffi.rs;src/rust/worker/kill_switch.rs;src/rust/worker/ok.rs;src/rust/zlib-rs/ffi.rs;src/rust/zlib-rs/lib.rs;src/workerd/server/cli/bridge.rs;src/workerd/server/cli/lib.rs;src/workerd/server/cli/socket_fd.rs;src/workerd/server/cli/socket_fd/windows.rs;src/workerd/tools/BUILD.bazel;src/workerd/tools/param-extractor.rs
1d6bc29740d52e640c294f495f931d8b4ee514a4,f8f82edc1cf770565792e4758cafcef51dd97ff9,cxx: run the bridge generator crates' unit tests,"Native JSG/V8/Rust/KJ implementation, build or tests: ownership, GC and event-loop substrate is host-owned.",src/rust/cxx/BUILD.bazel
f8f82edc1cf770565792e4758cafcef51dd97ff9,33229c472f0d924353e5f484dc0102bc9159938b,rust: move inline unit tests into <module>-test.rs files,"Native JSG/V8/Rust/KJ implementation, build or tests: ownership, GC and event-loop substrate is host-owned.",src/rust/api/dns-test.rs;src/rust/api/dns.rs;src/rust/api/lib-test.rs;src/rust/api/lib.rs;src/rust/api/url-test.rs;src/rust/api/url.rs;src/rust/cxx/BUILD.bazel;src/rust/cxx/gen/build/src/out-test.rs;src/rust/cxx/gen/build/src/out.rs;src/rust/cxx/gen/cmd/src/app-test.rs;src/rust/cxx/gen/cmd/src/app.rs;src/rust/cxx/gen/src/nested-test.rs;src/rust/cxx/gen/src/nested.rs;src/rust/cxx/kj-rs-io/BUILD.bazel;src/rust/cxx/kj-rs-io/error-test.rs;src/rust/cxx/kj-rs-io/error.rs;src/rust/cxx/kj-rs-io/ffi-test.rs;src/rust/cxx/kj-rs-io/ffi.rs;src/rust/cxx/kj-rs-io/lib-test.rs;src/rust/cxx/kj-rs-io/lib.rs;src/rust/cxx/kj-rs-io/net-test.rs;src/rust/cxx/kj-rs-io/net.rs;src/rust/cxx/kj-rs-io/stream-test.rs;src/rust/cxx/kj-rs-io/stream.rs;src/rust/cxx/kj-rs-io/watcher-test.rs;src/rust/cxx/kj-rs-io/watcher.rs;src/rust/cxx/kj-rs-tokio/BUILD.bazel;src/rust/cxx/kj-rs-tokio/port-test.rs;src/rust/cxx/kj-rs-tokio/port.rs;src/rust/cxx/kj-rs/BUILD.bazel;src/rust/cxx/kj-rs/date-test.rs;src/rust/cxx/kj-rs/date.rs;src/rust/cxx/src/exception-test.rs;src/rust/cxx/src/exception.rs;src/rust/encoding/lib-test.rs;src/rust/encoding/lib.rs;src/rust/jsg-macros/resource-test.rs;src/rust/jsg-macros/resource.rs;src/rust/jsg-macros/utils-test.rs;src/rust/jsg-macros/utils.rs;src/rust/jsg/feature_flags-test.rs;src/rust/jsg/feature_flags.rs;src/rust/jsg/lib-test.rs;src/rust/jsg/lib.rs;src/rust/memory-cache/lib-test.rs;src/rust/memory-cache/lib.rs;src/rust/node-exceptions/lib-test.rs;src/rust/node-exceptions/lib.rs;src/rust/transpiler/lib-test.rs;src/rust/transpiler/lib.rs;src/rust/worker/lib-test.rs;src/rust/worker/lib.rs;src/workerd/server/cli/args-test.rs;src/workerd/server/cli/args.rs;src/workerd/server/cli/config-test.rs;src/workerd/server/cli/config.rs;src/workerd/server/cli/process-test.rs;src/workerd/server/cli/process.rs;src/workerd/server/cli/socket_fd/unix-test.rs;src/workerd/server/cli/socket_fd/unix.rs
33229c472f0d924353e5f484dc0102bc9159938b,34c69bf22fadb581411e430434ebdd90af0998a2,"rust: unit tests live in <module>-test.rs, outside the production crate","Build, dependency, release tooling or documentation: no local runtime behavior port.",.github/bonk/specialists/rust-first.md;AGENTS.md;build/wd_rust_binary.bzl;build/wd_rust_crate.bzl;build/wd_rust_proc_macro.bzl;build/wd_rust_test.bzl;src/rust/AGENTS.md
34c69bf22fadb581411e430434ebdd90af0998a2,8ba33376627a5d1b7dc673cec746effdb87eee1f,Release 2026-10-05,Release metadata: oracle/types pinned at final release; compatibility date not advanced.,src/workerd/io/maximum-compatibility-date.txt;src/workerd/io/release-version.txt
8ba33376627a5d1b7dc673cec746effdb87eee1f,ea5812da30f74b06835a1cb077f5f37786aa6e5f,Bump urllib3 from 2.6.3 to 2.8.0 in /src/pyodide/internal/sphinx,"Build, dependency, release tooling or documentation: no local runtime behavior port.",src/pyodide/internal/sphinx/requirements-doc.txt
ea5812da30f74b06835a1cb077f5f37786aa6e5f,f4e018d8e267223ab2a1b69875501bfd56ded29b,"worker: PromisedInterface, into_kj and notSupported for Rust interfaces","Native JSG/V8/Rust/KJ implementation, build or tests: ownership, GC and event-loop substrate is host-owned.",src/rust/AGENTS.md;src/rust/worker/BUILD;src/rust/worker/bridge.h;src/rust/worker/cxx_worker.rs;src/rust/worker/ffi.c++;src/rust/worker/ffi.h;src/rust/worker/ffi.rs;src/rust/worker/lib.rs;src/rust/worker/ok.rs;src/rust/worker/promised.rs;src/rust/worker/test.c++
f4e018d8e267223ab2a1b69875501bfd56ded29b,92e6468fc4ec8f22a70cb55f93dd9c850de3e584,Bump next from 16.3.3 to 16.3.6,Upstream OpenNext test dependency bump; unrelated to local dependency graph.,pnpm-lock.yaml;src/workerd/api/tests/opennextjs/src/package.json
92e6468fc4ec8f22a70cb55f93dd9c850de3e584,535b64a124df7fb3108b904a75287470c7a4ab62,Release 2026-10-04,Release metadata: oracle/types pinned at final release; compatibility date not advanced.,src/workerd/io/maximum-compatibility-date.txt;src/workerd/io/release-version.txt
535b64a124df7fb3108b904a75287470c7a4ab62,ba6fa289d69fbf1d72f4a5cc85bc9dea217d3d48 b6e4e770086682c02a482fbee8808b8302455acf,Merge pull request #7579 from cloudflare/mmcdonnell/STOR-5170-external-restore-frontend,Merge topology: component commits are indexed separately; final endpoint diff reviewed.,
b6e4e770086682c02a482fbee8808b8302455acf,b68e96c29d4b6156e052b64a9861cce4023fbe82,Expose Durable Object snapshot APIs,"Gated, recorded: storage.snapshot()/onNextSessionRestore() exist only under the experimental flag; the oracle exposes them and rejects with 'storage back-end does not implement snapshots' / point-in-time recovery. No local snapshot backend; not implemented.",src/workerd/api/actor-state.c++;src/workerd/api/actor-state.h;src/workerd/io/actor-cache.h;types/generated-snapshot/experimental/index.d.ts;types/generated-snapshot/experimental/index.ts;types/test/types/do.ts
b68e96c29d4b6156e052b64a9861cce4023fbe82,ba6fa289d69fbf1d72f4a5cc85bc9dea217d3d48,Add Durable Object snapshot transport,Native snapshot capability transport over JSRPC (DurableObjectSnapshot); no local snapshot backend or Capn Proto capability.,src/workerd/api/BUILD.bazel;src/workerd/api/rtti.c++;src/workerd/api/snapshot.c++;src/workerd/api/snapshot.h;src/workerd/api/worker-rpc.c++;src/workerd/io/worker-interface.capnp;src/workerd/server/workerd-api.c++
ba6fa289d69fbf1d72f4a5cc85bc9dea217d3d48,421e81dc877c74cdd1e015352900878a96169fc9,Release 2026-10-03,Release metadata: oracle/types pinned at final release; compatibility date not advanced.,src/workerd/io/maximum-compatibility-date.txt;src/workerd/io/release-version.txt
421e81dc877c74cdd1e015352900878a96169fc9,763a4382715aa93bc212ad3e4c8c6236ad77d821,Add ctx.cache.invalidate(),Separate cache service: ctx.cache.invalidate() default throws like purge(); local cache export is a boundary that throws on any member access. Type via Workers types pin.,src/cloudflare/internal/workers.d.ts;src/workerd/api/global-scope.c++;src/workerd/api/global-scope.h;types/generated-snapshot/experimental/index.d.ts;types/generated-snapshot/experimental/index.ts;types/generated-snapshot/index.d.ts;types/generated-snapshot/index.ts;types/test/types/rpc.ts
9c86ca896c0d53370d64a9bc8fe6d7e9d05928fb,fe551114a8271f341a69b41597a2eaea54aa58ba,CFSQL-1814: Test legacy D1 JSRPC success normalization,Separate D1 product binding: JSRPC result/error normalization in d1-api; no local D1 service.,src/cloudflare/internal/d1-api.ts;src/cloudflare/internal/test/d1/d1-api-test-jsrpc-contract.js;src/cloudflare/internal/test/d1/d1-api-test-jsrpc-contract.wd-test;src/cloudflare/internal/test/d1/d1-mock.js
763a4382715aa93bc212ad3e4c8c6236ad77d821,1755c070c94cd11086675433904d309085fb9b28 8c2a449fdda79c54d17949d87911f7a2753b61bb,Merge pull request #7602 from cloudflare/jphillips/noncoercible-outbound-wrap,Merge topology: component commits are indexed separately; final endpoint diff reviewed.,
fe551114a8271f341a69b41597a2eaea54aa58ba,51a48a5bb7863fbeab791358bee8dff22c3ce83f,CFSQL-1814: Support direct D1 JSRPC responses and structured errors,Separate D1 product binding: JSRPC result/error normalization in d1-api; no local D1 service.,src/cloudflare/internal/d1-api.ts;src/cloudflare/internal/test/d1/BUILD.bazel;src/cloudflare/internal/test/d1/d1-api-test-common.js;src/cloudflare/internal/test/d1/d1-api-test-jsrpc-contract.js;src/cloudflare/internal/test/d1/d1-api-test-jsrpc-contract.wd-test;src/cloudflare/internal/test/d1/d1-api-test.js;src/cloudflare/internal/test/d1/d1-mock.js
8c2a449fdda79c54d17949d87911f7a2753b61bb,1c9a606e7a85e452f01a9cd054e36cfb1fe7af48,JSG: Wrap non-coercible values,Native JSG NonCoercible wrapping for JSRPC structs; local Capn Web serializes plain values.,src/workerd/jsg/value-test.c++;src/workerd/jsg/value.h
1755c070c94cd11086675433904d309085fb9b28,51a48a5bb7863fbeab791358bee8dff22c3ce83f 1c9a606e7a85e452f01a9cd054e36cfb1fe7af48,Merge pull request #7594 from cloudflare/apeacock/jsrpc-retry-coverage,Merge topology: component commits are indexed separately; final endpoint diff reviewed.,
1c9a606e7a85e452f01a9cd054e36cfb1fe7af48,50dcd4b6568fb01b982045eec41c4c46a387847c,STOR-5615: Test replica JSRPC retries on the primary channel,Distributed actor retries: temporary retry diagnostics or replay tests require absent claim/replay service protocol.,src/workerd/api/jsrpc-call-retry-test.c++
50dcd4b6568fb01b982045eec41c4c46a387847c,5d14d6cb3ac7bf60a7f7227fa8a6f13e435825fd,STOR-5615: Cover more JSRPC retry paths in unit tests,Distributed actor retries: temporary retry diagnostics or replay tests require absent claim/replay service protocol.,src/workerd/api/jsrpc-call-retry-test.c++
5d14d6cb3ac7bf60a7f7227fa8a6f13e435825fd,10e79b8b3ebd1161d308a78ee65585e818b44f59,STOR-5615: Test that actor retry failure handling requires retries,Distributed actor retries: temporary retry diagnostics or replay tests require absent claim/replay service protocol.,src/workerd/api/actor-call-retry-test.c++
